Kommun,Storlek,Rum,Tomt,Slutpris,Datum,Ökning
Strängnäs,75,2,253,6000000,24/05/2023,+1
Eskilstuna,142+55,6,1599,4000000,24/05/2023,-11
Eskilstuna,230+35,10,9065,4850000,23/05/2023,+8
Strängnäs,86+15,3,1526,1950000,23/05/2023,±0
Gnesta,108+60,5,1071,1650000,23/05/2023,-13
Vingåker,157+50,6,746,1450000,23/05/2023,-14
Eskilstuna,114,4,4788,/mån2100000,23/05/2023,+5
Katrineholm,103+115,4,816,2300000,23/05/2023,±0
Eskilstuna,63+63,4,525,2200000,22/05/2023,-8
Trosa,72+47,4,2783,2650000,22/05/2023,+6
Nyköping,43+43,2,4438,1300000,22/05/2023,+31
Strängnäs,50,3,2063,1100000,10/05/2023,-8
Eskilstuna,130,5,1046,2850000,9/05/2023,+2
Vingåker,95,3,1631,1825000,9/05/2023,-1
Eskilstuna,120+37,4,631,3450000,9/05/2023,+2
Trosa,220,5,10741,20000000,9/05/2023,+8
Eskilstuna,224+5,6,1615,7500000,9/05/2023,+15
Oxelösund,146+34,5,1111,3450000,9/05/2023,+10
Trosa,125,4,667,5500000,9/05/2023,-5
Nyköping,64+64,3,1661,2420000,9/05/2023,+1
Eskilstuna,290+79,7,797,5200000,9/05/2023,-5
Gnesta,84+72,4,5906,3295000,8/05/2023,-6
Eskilstuna,56+50,3,1645,970000,8/05/2023,-3
Katrineholm,35,1,4422,975000,6/05/2023,+3
Strängnäs,156,,524,5650000,5/05/2023,-6
Strängnäs,168,8,1168,4975000,5/05/2023,±0
Eskilstuna,166,5,1975,9200000,5/05/2023,+2
Trosa,123+3,5,1638,4600000,4/05/2023,-4
Gnesta,65,2,1032,1995000,4/05/2023,±0
Strängnäs,63+5,4,2219,2910000,4/05/2023,+46
Eskilstuna,77+77,3,1749,1700000,2/05/2023,-19
Katrineholm,165,5,3134,2500000,2/05/2023,-9
Flen,148+12,6,1400,2000000,30/04/2023,±0
Nyköping,98+98,5,928,2300000,30/04/2023,+5
Strängnäs,121,4,1399,3870000,30/04/2023,+5
Eskilstuna,109,4,1074,3300000,30/04/2023,+10
Strängnäs,73+70,2,1771,2400000,22/04/2023,-2
Nyköping,84+34,5,1216,2000000,21/04/2023,-20
Katrineholm,120+120,4,2056,1995000,21/04/2023,±0
Eskilstuna,154+66,5,496,3500000,21/04/2023,-9
Flen,42+42,4,15151,3800000,21/04/2023,-5
Eskilstuna,102+100,5,1007,2400000,21/04/2023,-17
Eskilstuna,92+9,4,9492,1505000,20/04/2023,+25
Eskilstuna,85+85,4,1196,2900000,20/04/2023,+8
Strängnäs,147,6,376,2875000,19/04/2023,±0
Nyköping,82+10,2,6882,1990000,19/04/2023,+5
Flen,94+84,4,1006,1250000,18/04/2023,-10
Trosa,95+92,5,1076,5800000,18/04/2023,-3
Strängnäs,150+19,3,1190,5325000,18/04/2023,+7
Flen,70,7,2436,1795000,17/04/2023,±0
Katrineholm,101+60,4,2115,1700000,17/04/2023,-6
Katrineholm,94+94,4,1632,1130000,16/04/2023,-10
Eskilstuna,116+74,5,618,3900000,16/04/2023,-2
Nyköping,121,4,2318,2900000,16/04/2023,±0
Trosa,186,6,749,7000000,14/04/2023,-10
Eskilstuna,236+50,8,1948,3750000,14/04/2023,+1
Trosa,124+54,7,669,11100000,2/04/2023,+14
Strängnäs,78+43,5,1828,4300000,2/04/2023,-4
Eskilstuna,117+80,4,1680,3660000,31/03/2023,+15
Eskilstuna,148+24,5,1232,2400000,31/03/2023,-4
Eskilstuna,129,4,1409,3800000,31/03/2023,-5
Nyköping,124+2,6,2196,3500000,31/03/2023,-11
Eskilstuna,110+110,4,849,2755000,31/03/2023,-8
Eskilstuna,70+70,4,461,3500000,30/03/2023,±0
Flen,73+5,4,1620,2600000,30/03/2023,-5
Eskilstuna,107+102,4,2437,3200000,30/03/2023,+2
Nyköping,85+85,6,887,4000000,30/03/2023,-9
Gnesta,112+121,4,973,2900000,30/03/2023,-13
Flen,102+16,5,2850,1660000,29/03/2023,-5
Strängnäs,141+18,5,1838,2525000,29/03/2023,-14
Eskilstuna,130,6,1656,4600000,29/03/2023,+5
Katrineholm,75,3,2995,1695000,29/03/2023,±0
Eskilstuna,105,4,1861,1700000,29/03/2023,+14
Gnesta,154,5,756,3900000,28/03/2023,-2
Gnesta,69+30,3,1515,2425000,27/03/2023,-2
Flen,81+40,3,1488,662000,27/03/2023,-5
Eskilstuna,94+20,3,584,3400000,27/03/2023,+6
Vingåker,102+19,4,1870,470000,25/03/2023,-5
Eskilstuna,200,6,3711,4000000,24/03/2023,-2
Flen,159+80,6,1138,1005000,24/03/2023,+26
Strängnäs,167,4,6155,8500000,17/03/2023,+22
Flen,618,14,7008,2940000,17/03/2023,+18
Nyköping,98,3,7193,1850000,16/03/2023,+9
Eskilstuna,163+58,5,1164,3150000,16/03/2023,-4
Gnesta,137,6,1040,2500000,16/03/2023,+2
Strängnäs,83,4,2144,2150000,15/03/2023,-7
Nyköping,116+11,3,1521,4825000,15/03/2023,-11
Eskilstuna,112+174,7,937,2000000,14/03/2023,-20
Strängnäs,103+133,,1123,2730000,14/03/2023,+1
Trosa,127,4,1017,7150000,14/03/2023,+2
Oxelösund,105+59,4,1161,2700000,14/03/2023,+8
Strängnäs,89,4,1961,2500000,13/03/2023,-16
Eskilstuna,185+46,6,1418,3550000,12/03/2023,-5
Nyköping,104+87,4,2001,2610000,12/03/2023,+11
Katrineholm,73+73,5,1081,1900000,12/03/2023,+12
Strängnäs,100,3,2249,2850000,11/03/2023,+19
Katrineholm,185+95,6,2025,2350000,11/03/2023,-6
Trosa,168,5,1879,8200000,10/03/2023,-8
Nyköping,70+70,,627,3375000,10/03/2023,+3
Nyköping,100+7,4,506,2650000,10/03/2023,-4
Eskilstuna,110,4,922,4425000,9/03/2023,-8
Vingåker,34,2,1645,750000,9/03/2023,±0
Nyköping,147,6,1259,6100000,9/03/2023,±0
Nyköping,126,4,1121,4600000,9/03/2023,-8
Oxelösund,70+70,4,1429,2270000,21/02/2023,+20
Gnesta,158+25,5,909,4250000,21/02/2023,±0
Eskilstuna,148+40,,2030,4600000,19/02/2023,-8
Strängnäs,150,7,941,3550000,18/02/2023,+1
Trosa,180+40,6,1345,6850000,18/02/2023,-2
Nyköping,85,4,2407,5700000,18/02/2023,-12
Katrineholm,128+87,5,26958,2200000,17/02/2023,-12
Nyköping,92+45,5,1349,2050000,17/02/2023,-10
Vingåker,66,3,1779,2050000,17/02/2023,-7
Strängnäs,135+22,5,1920,4800000,16/02/2023,-9
Eskilstuna,144+99,7,758,3950000,16/02/2023,+3
Nyköping,148+33,6,1463,3395000,16/02/2023,-3
Strängnäs,109+85,,724,4100000,16/02/2023,+11
Strängnäs,120+25,5,683,3700000,16/02/2023,-5
Eskilstuna,91+82,4,1261,2910000,16/02/2023,+1
Eskilstuna,135+15,7,1137,3560000,15/02/2023,+8
Strängnäs,118+3,5,190,3200000,15/02/2023,+7
Eskilstuna,117+35,5,1008,2495000,15/02/2023,-6
Katrineholm,165+36,5,1341,2200000,3/02/2023,-15
Nyköping,81,3,454,2500000,3/02/2023,+2
Eskilstuna,206+56,6,717,4900000,3/02/2023,-2
Trosa,70+70,3,1355,2235000,3/02/2023,+2
Eskilstuna,95,4,1900,2250000,2/02/2023,-10
Eskilstuna,156+46,4,1920,1900000,2/02/2023,-13
Eskilstuna,87+87,5,1256,2450000,31/01/2023,+2
Eskilstuna,105+77,4,1230,1650000,31/01/2023,-8
Strängnäs,123,4,1707,4000000,31/01/2023,-7
Eskilstuna,124+23,5,870,3035000,31/01/2023,+9
Katrineholm,133,5,516,2900000,30/01/2023,-3
Eskilstuna,149+6,5,920,2995000,30/01/2023,-6
Eskilstuna,190,7,3130,5300000,30/01/2023,-2
Gnesta,127,5,631,4432500,27/01/2023,+4
Strängnäs,86+56,6,12000,4300000,27/01/2023,+5
Eskilstuna,93+90,4,1109,2420000,27/01/2023,-9
Vingåker,187+5,7,1040,1795000,27/01/2023,-5
Eskilstuna,150+11,6,2209,2875000,26/01/2023,-4
Katrineholm,108+132,7,1064,2900000,26/01/2023,-12
Trosa,79+79,5,387,3700000,25/01/2023,+1
Eskilstuna,104+104,4,979,4170000,13/01/2023,-7
Eskilstuna,156+24,6,2072,2400000,13/01/2023,-4
Eskilstuna,156,7,1436,9200000,13/01/2023,+17
Nyköping,108+132,7,876,3595000,13/01/2023,-10
Trosa,120,4,1253,5160000,12/01/2023,-6
Oxelösund,135+49,6,1086,3250000,12/01/2023,±0
Nyköping,161,5,2403,5200000,11/01/2023,-13
Vingåker,124+30,5,3983,2475000,11/01/2023,-1
Eskilstuna,120+19,5,804,2220000,5/01/2023,-7
Vingåker,122+110,6,3243,2895000,4/01/2023,±0
Eskilstuna,121,4,945,4400000,3/01/2023,-2
Trosa,52,3,1497,2850000,2/01/2023,-20
Trosa,104,4,102,2250000,2/01/2023,-10
Flen,82+110,4,1910,1600000,30/12/2022,+61
Nyköping,117+17,4,857,2500000,30/12/2022,+25
Trosa,95+95,5,1026,3300000,28/12/2022,+2
Nyköping,128,4,2188,4900000,28/12/2022,-11
Flen,192+22,6,1803,1375000,26/12/2022,-8
Strängnäs,112+14,4,2782,3750000,25/12/2022,+1
Vingåker,120+55,4,1134,825000,23/12/2022,-8
Strängnäs,136,5,2072,1800000,23/12/2022,-10
Trosa,39,3,2492,2900000,22/12/2022,-17
Nyköping,99,5,395,2300000,21/12/2022,-21
Flen,248,8,1256,2650000,21/12/2022,+6
Nyköping,219+117,8,1249,8000000,21/12/2022,-19
Strängnäs,82,4,1085,2750000,21/12/2022,+10
Eskilstuna,173+138,6,660,3075000,20/12/2022,-5
Eskilstuna,164,8,22155,3500000,20/12/2022,±0
Nyköping,117,6,601,2295000,5/12/2022,±0
Nyköping,123+135,6,615,3000000,4/12/2022,-20
Gnesta,96,4,4299,3400000,3/12/2022,+14
Flen,99+99,4,879,1990000,3/12/2022,±0
Trosa,160,6,1527,6600000,2/12/2022,-12
Flen,94+65,3,1450,1280000,2/12/2022,+11
Eskilstuna,116+116,5,1206,2390000,1/12/2022,+1
Eskilstuna,142+71,6,1997,1925000,30/11/2022,+29
Trosa,117+116,4,1297,4600000,30/11/2022,+3
Strängnäs,135,5,2400,3195000,30/11/2022,+14
Gnesta,126+16,6,6176,3700000,30/11/2022,-13
Eskilstuna,132+48,4,1202,5100000,30/11/2022,+3
Strängnäs,136+35,5,1412,3250000,29/11/2022,+9
Flen,220+242,14,1071,2595000,29/11/2022,±0
Katrineholm,73+73,4,1209,1850000,28/11/2022,-2
Strängnäs,141+22,5,239,5550000,28/11/2022,-6
Nyköping,135+26,7,415,2600000,28/11/2022,+4
Eskilstuna,94+88,5,524,2600000,26/11/2022,-4
Katrineholm,57+57,3,1265,1360000,25/11/2022,-9
Oxelösund,90+27,4,4903,8300000,25/11/2022,+4
Eskilstuna,180,6,1200,4145000,25/11/2022,-8
Nyköping,90,4,1789,2300000,25/11/2022,±0
Trosa,154+86,9,985,3900000,25/11/2022,-9
Eskilstuna,149+28,7,1011,4625000,25/11/2022,±0
Vingåker,91+91,4,1349,1050000,25/11/2022,-16
Katrineholm,124+53,4,2071,2600000,25/11/2022,+18
Eskilstuna,103+103,4,1100,2625000,25/11/2022,-6
Eskilstuna,80+95,6,561,3130000,24/11/2022,+1
Nyköping,107+107,4,948,2870000,24/11/2022,+3
Eskilstuna,175+95,10,901,3200000,24/11/2022,-11
Nyköping,158+158,7,702,4300000,23/11/2022,-14
Eskilstuna,110+60,4,801,2775000,23/11/2022,-7
Eskilstuna,180+10,5,1909,3850000,22/11/2022,+10
Katrineholm,87+87,3,1656,530000,22/11/2022,+34
Eskilstuna,125+18,6,871,3450000,22/11/2022,-1
Nyköping,133+15,6,1170,3100000,21/11/2022,-11
Gnesta,140+45,6,2116,2300000,20/11/2022,+2
Gnesta,162+15,8,654,4850000,20/11/2022,-15
Strängnäs,80+80,3,1240,2375000,19/11/2022,-15
Strängnäs,58,3,2952,1400000,15/11/2022,-10
Oxelösund,90+54,4,1377,2200000,15/11/2022,-20
Flen,96+106,3,1122,1695000,15/11/2022,±0
Nyköping,110+14,6,1917,7695000,14/11/2022,±0
Flen,99+99,4,874,1995000,13/11/2022,±0
Eskilstuna,188,6,873,4100000,12/11/2022,-9
Eskilstuna,65,3,1383,1540000,12/11/2022,+4
Gnesta,176+88,6,1943,3000000,11/11/2022,-14
Katrineholm,222+10,,442166,8500000,11/11/2022,-11
Nyköping,45,2,3076,1800000,10/11/2022,-8
Nyköping,178,6,1615,6300000,9/11/2022,+5
Eskilstuna,108+108,4,828,3000000,9/11/2022,-14
Flen,63+63,3,2030,1150000,27/10/2022,-10
Eskilstuna,167+14,5,1331,5950000,27/10/2022,+8
Strängnäs,168+34,5,1158,6400000,27/10/2022,-4
Eskilstuna,162+25,6,1170,1750000,26/10/2022,-12
Gnesta,82+5,3,2332,2400000,26/10/2022,-2
Gnesta,95,3,2304,1350000,26/10/2022,+36
Nyköping,125+74,4,2317,2500000,25/10/2022,-9
Strängnäs,81+7,4,698,3125000,24/10/2022,-2
Katrineholm,134+85,6,1177,3400000,23/10/2022,-3
Flen,111+100,6,478,1700000,22/10/2022,-5
Trosa,132,5,1130,6050000,21/10/2022,-8
Eskilstuna,154+90,7,645,3350000,21/10/2022,+12
Nyköping,116+32,6,967,4825000,21/10/2022,+1
Nyköping,176,6,1065,5700000,21/10/2022,-5
Nyköping,154,5,1040,5500000,21/10/2022,-3
Eskilstuna,153,7,1077,3800000,21/10/2022,-1
Eskilstuna,180+60,5,1588,6600000,21/10/2022,-6
Vingåker,115+83,4,2274,1995000,20/10/2022,±0
Eskilstuna,67+51,4,1661,1800000,20/10/2022,-10
Strängnäs,135+72,6,984,5500000,20/10/2022,-5
Strängnäs,116+17,6,494,5900000,20/10/2022,-2
Nyköping,156,6,840,2995000,19/10/2022,±0
Strängnäs,147+24,6,1045,4250000,19/10/2022,-8
Trosa,125+15,4,863,4750000,19/10/2022,-10
Eskilstuna,202+50,6,3810,5550000,19/10/2022,-12
Gnesta,81+5,3,3328,1950000,18/10/2022,+9
Nyköping,149+6,7,449,3850000,18/10/2022,±0
Katrineholm,113+103,6,662,1595000,11/10/2022,±0
Gnesta,150,6,1623,4200000,11/10/2022,-7
Nyköping,110+110,8,964,3695000,10/10/2022,±0
Strängnäs,161+15,5,2300,4195000,8/10/2022,±0
Gnesta,57+25,3,1978,2050000,8/10/2022,-9
Gnesta,170,7,1216,3400000,8/10/2022,+26
Gnesta,108,4,1755,2475000,7/10/2022,+1
Strängnäs,60+7,3,1706,1860000,7/10/2022,-9
Nyköping,110+14,6,1917,7700000,7/10/2022,-31
Vingåker,135+45,7,963,1995000,6/10/2022,-13
Eskilstuna,132,4,15110,2625000,6/10/2022,+32
Nyköping,25,1,1411,950000,6/10/2022,-13
Oxelösund,126+59,5,966,1920000,6/10/2022,+28
Katrineholm,158,7,3433,2850000,6/10/2022,-5
Nyköping,122+32,6,905,2500000,5/10/2022,-22
Flen,120+5,4,12515,4650000,4/10/2022,+3
Strängnäs,110+150,6,1069,4000000,4/10/2022,-8
Eskilstuna,138,5,419,2800000,3/10/2022,-7
Katrineholm,70,4,2473,2125000,2/10/2022,-15
Trosa,87,5,8123,6700000,2/10/2022,-16
Nyköping,269+157,12,990,11200000,2/10/2022,+2
Nyköping,210,6,3184,2950000,1/10/2022,-9
Strängnäs,134,5,268,4995000,1/10/2022,±0
Eskilstuna,167,5,1334,6800000,30/09/2022,+6
Katrineholm,79+11,3,793,850000,30/09/2022,+22
Eskilstuna,151,5,7110,3405000,30/09/2022,+14
Katrineholm,113+9,4,910,1200000,30/09/2022,-7
Eskilstuna,162+79,6,2914,3400000,29/09/2022,+14
Oxelösund,108,4,167,1850000,29/09/2022,-19
Katrineholm,126,5,904,1410000,21/09/2022,-6
Oxelösund,72+72,5,691,2395000,21/09/2022,-10
Eskilstuna,66,3,1782,800000,20/09/2022,-46
Nyköping,134+11,5,724,3100000,20/09/2022,+4
Nyköping,98+6,4,1935,2000000,20/09/2022,+8
Nyköping,143+7,7,613,4495000,19/09/2022,±0
Nyköping,138+12,5,659,4700000,19/09/2022,+5
Katrineholm,109+84,7,523,1725000,18/09/2022,-28
Vingåker,98,4,1308,1000000,16/09/2022,-16
Eskilstuna,57,4,1097,1675000,16/09/2022,+46
Vingåker,125,4,1100,3395000,16/09/2022,-6
Strängnäs,39,2,2373,1500000,16/09/2022,-21
Nyköping,77+77,3,600,1875000,16/09/2022,+4
Eskilstuna,80+35,4,744,2850000,16/09/2022,-5
Nyköping,125,4,2482,3100000,16/09/2022,+9
Eskilstuna,142,6,987,3200000,15/09/2022,+3
Eskilstuna,83,3,1655,1750000,15/09/2022,+17
Eskilstuna,126,5,785,3750000,15/09/2022,+7
Oxelösund,104,4,590,2420000,15/09/2022,+24
Nyköping,116+111,6,2290,3300000,15/09/2022,-8
Katrineholm,144+37,5,694,3300000,15/09/2022,-6
Eskilstuna,72+72,3,1338,2310000,14/09/2022,+22
Nyköping,154,5,628,5100000,14/09/2022,+2
Strängnäs,59+58,4,960,2200000,6/09/2022,-8
Nyköping,138+10,6,1838,1200000,6/09/2022,-20
Eskilstuna,70,3,1509,2300000,5/09/2022,+15
Eskilstuna,117+88,6,746,3330000,2/09/2022,+11
Nyköping,129+161,8,998,5800000,2/09/2022,+14
Nyköping,125+125,5,1194,4000000,2/09/2022,±0
Eskilstuna,53,3,1170,2050000,2/09/2022,+14
Eskilstuna,142+13,5,888,3650000,2/09/2022,-13
Strängnäs,138+12,6,368,6495000,2/09/2022,±0
Nyköping,60+55,3,1008,1575000,2/09/2022,-1
Strängnäs,220+130,7,1500,9200000,2/09/2022,+16
Flen,163+80,7,1678,3200000,1/09/2022,+11
Nyköping,225+30,6,4476,6000000,1/09/2022,-24
Eskilstuna,82+41,3,3017,2500000,31/08/2022,-7
Strängnäs,52,,1413,2050000,31/08/2022,+3
Trosa,155+70,5,2366,6550000,31/08/2022,+10
Gnesta,150+20,6,6112,4485000,19/08/2022,±0
Eskilstuna,214+106,7,1049,6300000,19/08/2022,-3
Gnesta,76+76,3,906,2880000,18/08/2022,+24
Oxelösund,121+75,6,750,3500000,18/08/2022,+6
Katrineholm,65+65,4,756,1540000,17/08/2022,+3
Trosa,104+60,6,1237,4295000,17/08/2022,±0
Nyköping,146+53,6,1590,4000000,17/08/2022,-5
Trosa,77+75,4,454,4050000,17/08/2022,-5
Eskilstuna,60+10,,3568,2775000,17/08/2022,-3
Katrineholm,157+93,5,1096,3800000,17/08/2022,+19
Nyköping,76+76,6,1921,2700000,16/08/2022,-10
Nyköping,290,9,2386,10700000,16/08/2022,-16
Nyköping,69+69,5,806,2825000,16/08/2022,+45
Katrineholm,55+55,3,2838,750000,16/08/2022,±0
Nyköping,109+80,7,1890,2575000,15/08/2022,+3
Eskilstuna,176,7,2083,3495000,15/08/2022,±0
Vingåker,130+63,5,1159,2150000,14/08/2022,-6
Oxelösund,125+62,5,720,3400000,13/08/2022,+6
Flen,135+33,5,929,1545000,12/08/2022,-3
Nyköping,200+10,7,1640,2850000,12/08/2022,-4
Katrineholm,109+120,4,1282,1850000,12/08/2022,-21
Strängnäs,82+70,5,1385,3950000,12/08/2022,-7
Eskilstuna,163+110,7,752,3200000,12/08/2022,-3
Trosa,180,5,1806,9750000,11/08/2022,+15
Katrineholm,88,3,1520,1900000,23/07/2022,+6
Eskilstuna,124+124,5,803,2500000,22/07/2022,-17
Trosa,128,6,1124,4400000,22/07/2022,±0
Gnesta,151,7,966,3300000,22/07/2022,+10
Eskilstuna,72,5,1178,1810000,21/07/2022,+1
Nyköping,197+114,9,1029,3500000,21/07/2022,+10
Eskilstuna,87+145,6,872,3800000,21/07/2022,+9
Strängnäs,129+129,6,1711,4275000,19/07/2022,+2
Strängnäs,121,4,1138,3350000,19/07/2022,-7
Trosa,185+41,7,781,4550000,19/07/2022,-4
Vingåker,92+92,5,1244,1345000,19/07/2022,-13
Eskilstuna,115+85,5,1273,3700000,4/07/2022,+12
Strängnäs,84,3,2588,2300000,4/07/2022,-4
Vingåker,93+90,4,961,1200000,3/07/2022,-4
Nyköping,80,3,288,2100000,3/07/2022,-11
Eskilstuna,58+15,3,981,1600000,1/07/2022,-6
Gnesta,52,2,1667,2100000,1/07/2022,+12
Katrineholm,239+64,7,879,4900000,1/07/2022,+3
Oxelösund,125+60,6,1050,3200000,1/07/2022,-2
Katrineholm,133+64,5,1158,2300000,1/07/2022,+5
Nyköping,146,5,1211,2695000,1/07/2022,±0
Eskilstuna,138+12,6,1050,5200000,1/07/2022,+4
Strängnäs,124+124,6,1740,3500000,1/07/2022,-4
Katrineholm,115+57,4,2365,1520000,30/06/2022,+2
Eskilstuna,102+102,6,871,3495000,30/06/2022,±0
Eskilstuna,45+45,2,20328,5700000,30/06/2022,+63
Strängnäs,137,6,1391,3950000,30/06/2022,+4
Trosa,139+15,4,904,5950000,30/06/2022,+2
Strängnäs,60,3,1086,2475000,30/06/2022,+38
Eskilstuna,165+55,7,1103,4295000,22/06/2022,±0
Strängnäs,165,8,618,5600000,22/06/2022,-6
Strängnäs,47,2,1630,1925000,22/06/2022,+17
Eskilstuna,110+71,6,53782,3025000,22/06/2022,+32
Trosa,121+40,5,2061,3500000,22/06/2022,+6
Strängnäs,120+60,,1844,4600000,22/06/2022,+2
Strängnäs,130+6,6,448,4150000,22/06/2022,+5
Trosa,189+13,8,2094,5885000,22/06/2022,+7
Eskilstuna,156,5,1043,3500000,21/06/2022,+17
Vingåker,147,6,762,1450000,21/06/2022,-12
Nyköping,141+20,6,2272,4100000,21/06/2022,+37
Trosa,117+23,5,1180,3850000,21/06/2022,-13
Nyköping,69,3,1788,2500000,21/06/2022,±0
Gnesta,70+48,4,2057,1650000,20/06/2022,±0
Eskilstuna,93+47,5,1175,3800000,19/06/2022,+12
Trosa,140,5,426,4500000,19/06/2022,-2
Strängnäs,190,8,1297,5950000,19/06/2022,±0
Katrineholm,86,4,1854,1795000,18/06/2022,±0
Katrineholm,114+114,7,1033,1850000,18/06/2022,±0
Strängnäs,90,4,3248,2225000,18/06/2022,+12
Nyköping,90+70,4,1061,2600000,18/06/2022,+13
Strängnäs,140+5,6,450,4200000,18/06/2022,+8
Flen,112+112,6,988,3000000,18/06/2022,+37
Katrineholm,81+76,3,1050,1800000,18/06/2022,+9
Strängnäs,143+97,7,713,6995000,18/06/2022,±0
Eskilstuna,160,5,1514,5600000,14/06/2022,+2
Strängnäs,266,7,1406,14500000,14/06/2022,+6
Katrineholm,112,5,615,2360000,14/06/2022,-16
Oxelösund,124+36,5,893,3570000,14/06/2022,-3
Eskilstuna,125,5,792,3850000,14/06/2022,+21
Nyköping,138+12,5,608,3670000,13/06/2022,+3
Nyköping,109+93,5,1780,3200000,13/06/2022,+28
Strängnäs,100,3,1773,3800000,12/06/2022,-4
Gnesta,176,5,1943,3300000,12/06/2022,-16
Nyköping,112+52,6,873,4000000,11/06/2022,+10
Eskilstuna,72+22,3,1955,3400000,11/06/2022,+14
Eskilstuna,216+20,7,2739,3990000,10/06/2022,+8
Trosa,94+12,4,1483,4105000,10/06/2022,+9
Oxelösund,75+85,4,680,2700000,10/06/2022,+4
Katrineholm,119+119,4,1738,3825000,10/06/2022,+10
Katrineholm,192+131,7,1855,3500000,10/06/2022,+8
Flen,51,3,1490,2050000,10/06/2022,+15
Nyköping,97+97,5,978,3000000,10/06/2022,±0
Eskilstuna,260+26,8,5595,9200000,10/06/2022,-3
Eskilstuna,104+104,4,1609,4485000,10/06/2022,±0
Nyköping,188+40,6,1138,6700000,9/06/2022,-11
Katrineholm,62+56,3,1786,1300000,9/06/2022,-7
Nyköping,151,5,4729,3345000,9/06/2022,-9
Strängnäs,114+50,5,1179,4050000,1/06/2022,+38
Strängnäs,115,5,816,4450000,1/06/2022,+13
Trosa,158+35,6,1032,5900000,1/06/2022,-6
Strängnäs,120,5,160,6000000,1/06/2022,+1
Flen,115+26,4,2507,2700000,1/06/2022,+23
Katrineholm,111+111,8,994,2350000,31/05/2022,±0
Nyköping,125+171,6,1343,4600000,31/05/2022,±0
Strängnäs,162,6,1811,6200000,31/05/2022,+2
Gnesta,153+129,6,1674,3650000,31/05/2022,-6
Nyköping,142,5,763,5500000,31/05/2022,+5
Eskilstuna,136,4,6547,4500000,31/05/2022,+10
Katrineholm,49,2,1559,1375000,31/05/2022,-5
Nyköping,108,4,4870,/mån3100000,30/05/2022,-11
Flen,147,5,460,2895000,29/05/2022,±0
Katrineholm,82,4,4877,1550000,28/05/2022,-3
Strängnäs,102,3,1029,4575000,27/05/2022,+15
Katrineholm,61+10,3,2180,2025000,27/05/2022,+13
Strängnäs,149,5,858,2450000,27/05/2022,-8
Eskilstuna,127,4,884,4625000,27/05/2022,+10
Oxelösund,154+63,5,1004,3350000,26/05/2022,+18
Gnesta,77+77,3,1830,2750000,26/05/2022,±0
Eskilstuna,165+63,7,3262,3000000,26/05/2022,+9
Flen,111+111,4,2650,1400000,26/05/2022,+17
Vingåker,80+50,4,1593,1710000,26/05/2022,+2
Flen,172,6,2472,4600000,26/05/2022,+8
Eskilstuna,92,3,3541,2600000,25/05/2022,+13
Strängnäs,100,5,4262,5800000,25/05/2022,+16
Eskilstuna,196+28,7,811,3200000,25/05/2022,-7
Eskilstuna,150,6,972,3450000,24/05/2022,+6
Eskilstuna,125+97,6,1408,3000000,24/05/2022,+20
Flen,57,3,1165,661000,20/05/2022,+2
Trosa,96,4,1176,3620000,19/05/2022,+11
Oxelösund,92,4,967,2250000,19/05/2022,+13
Strängnäs,131,6,353,5000000,19/05/2022,+3
Eskilstuna,72+72,5,664,2900000,19/05/2022,-3
Trosa,147,5,417,3650000,18/05/2022,+12
Eskilstuna,168+9,7,1213,2750000,18/05/2022,-8
Katrineholm,144+62,5,879,1700000,18/05/2022,-10
Gnesta,264+132,8,1523,9900000,18/05/2022,+42
Katrineholm,96+63,3,1003,1570000,17/05/2022,-2
Nyköping,146,6,6,5500000,17/05/2022,-3
Strängnäs,101,3,2018,2400000,17/05/2022,-11
Strängnäs,170+40,,840,4925000,17/05/2022,-1
Trosa,53,3,3841,4100000,16/05/2022,+17
Strängnäs,126,3,2611,5565000,16/05/2022,+21
Eskilstuna,95+4,5,4426,3250000,16/05/2022,+9
Flen,190+30,8,500,2010000,16/05/2022,+2
Eskilstuna,106+43,5,1496,4600000,16/05/2022,+24
Eskilstuna,88+63,4,897,3100000,16/05/2022,+4
Gnesta,20,,1662,595000,6/05/2022,±0
Nyköping,92+65,5,573,3750000,6/05/2022,+1
Strängnäs,167,4,1149,7250000,6/05/2022,-3
Gnesta,165+99,5,1011,2356000,5/05/2022,+5
Gnesta,69+77,3,3955,1800000,5/05/2022,+14
Strängnäs,125+30,6,1838,5200000,5/05/2022,+4
Vingåker,90+52,4,1000,2100000,5/05/2022,-22
Oxelösund,166+40,6,1261,3650000,5/05/2022,-5
Oxelösund,101+52,4,1181,3495000,5/05/2022,-8
Strängnäs,107,4,2091,3600000,4/05/2022,+16
Katrineholm,136+59,6,890,4350000,3/05/2022,+12
Gnesta,85+30,4,2053,4200000,3/05/2022,+1
Nyköping,74+76,6,655,2990000,3/05/2022,+7
Eskilstuna,156,6,2264,1420000,3/05/2022,+10
Strängnäs,52,2,1917,2900000,2/05/2022,+16
Flen,66,2,1749,3050000,30/04/2022,+3
Gnesta,155+20,6,876,3675000,29/04/2022,+15
Eskilstuna,135+70,6,1976,6400000,29/04/2022,+22
Nyköping,90,5,1493,4500000,29/04/2022,+7
Katrineholm,80+6,3,1792,1250000,29/04/2022,-17
Nyköping,102+102,5,1065,4700000,29/04/2022,+1
Eskilstuna,280+72,9,1488,9750000,29/04/2022,-9
Strängnäs,123,4,1847,4050000,28/04/2022,+27
Nyköping,103+98,7,6240,4350000,28/04/2022,+25
Eskilstuna,170+35,8,1307,4800000,28/04/2022,+7
Strängnäs,136,5,1445,2950000,28/04/2022,±0
Katrineholm,215+110,6,2790,2510000,28/04/2022,+36
Gnesta,104+104,7,1081,3230000,28/04/2022,+16
Vingåker,52,3,1508,1830000,21/04/2022,+22
Vingåker,109+109,5,1132,1750000,21/04/2022,+6
Eskilstuna,134,4,16104,4000000,21/04/2022,+14
Katrineholm,101+101,6,1478,2400000,21/04/2022,+26
Trosa,84+84,6,848,8000000,20/04/2022,+47
Nyköping,120+69,5,1554,3600000,20/04/2022,-6
Vingåker,149+113,5,687,2300000,20/04/2022,+5
Nyköping,98+98,6,533,2650000,20/04/2022,+6
Eskilstuna,80,3,2487,2750000,19/04/2022,+2
Eskilstuna,116+55,3,2045,2750000,19/04/2022,+20
Trosa,220,5,3225,11850000,19/04/2022,+19
Gnesta,55+13,3,1201,2400000,17/04/2022,+20
Gnesta,78+16,4,1731,3580000,16/04/2022,+20
Nyköping,112+112,5,1276,4050000,16/04/2022,+2
Gnesta,95+54,4,5503,5500000,16/04/2022,+22
Nyköping,136,6,366,3500000,16/04/2022,+3
Trosa,83+91,6,1117,3850000,15/04/2022,±0
Eskilstuna,341,9,1003,5010000,14/04/2022,+27
Strängnäs,116,5,282,2220000,14/04/2022,+12
Strängnäs,120,3,4664,4300000,14/04/2022,+20
Strängnäs,134,5,915,5200000,14/04/2022,+16
Flen,123,5,837,1295000,14/04/2022,±0
Gnesta,69+40,3,2488,3800000,13/04/2022,+29
Flen,119,5,1671,4325000,13/04/2022,+20
Gnesta,113,5,800,3860000,13/04/2022,+19
Eskilstuna,161,7,1034,5050000,13/04/2022,+1
Flen,214+91,8,975,4700000,13/04/2022,+24
Nyköping,141,6,979,3500000,13/04/2022,+6
Nyköping,106+2,4,729,4600000,13/04/2022,+15
Katrineholm,168+60,6,766,4600000,12/04/2022,+18
Eskilstuna,138+20,4,451,3800000,12/04/2022,+9
Nyköping,70+30,4,1884,3000000,7/04/2022,+12
Strängnäs,150+24,6,4496,4700000,7/04/2022,+4
Gnesta,60,3,1517,2220000,7/04/2022,+33
Gnesta,355+140,,4618,5700000,7/04/2022,+4
Nyköping,131+131,7,840,6800000,7/04/2022,+36
Vingåker,120+60,,1008,1425000,7/04/2022,-8
Nyköping,184+60,5,1519,5650000,7/04/2022,+3
Eskilstuna,76,3,2033,2575000,7/04/2022,-8
Eskilstuna,152,6,425,3195000,6/04/2022,±0
Trosa,46,2,950,2350000,6/04/2022,+59
Flen,120+42,5,2384,2100000,6/04/2022,±0
Nyköping,156,5,1230,6900000,6/04/2022,+6
Flen,175+125,10,838,1600000,6/04/2022,+61
Eskilstuna,82+89,4,644,3300000,6/04/2022,+23
Nyköping,156+9,7,222,2795000,6/04/2022,-7
Gnesta,116+40,5,1198,2750000,5/04/2022,+31
Vingåker,85+85,4,1075,1750000,4/04/2022,+6
Vingåker,131,5,1306,1495000,4/04/2022,-9
Eskilstuna,140,5,580,3100000,3/04/2022,+4
Strängnäs,120+60,6,1800,3600000,2/04/2022,+4
Strängnäs,104,5,2226,5700000,2/04/2022,-12
Trosa,100,5,3008,4020000,1/04/2022,+46
Strängnäs,131+131,4,1564,3300000,25/03/2022,+10
Katrineholm,96,4,727,2650000,25/03/2022,-2
Gnesta,75+15,4,1468,2900000,25/03/2022,+21
Eskilstuna,120,5,910,3350000,24/03/2022,+2
Nyköping,97,4,2685,2895000,24/03/2022,±0
Gnesta,121,4,1400,2430000,24/03/2022,+22
Eskilstuna,115+5,4,7987,4050000,23/03/2022,+85
Strängnäs,142,7,922,3650000,23/03/2022,+2
Eskilstuna,137+27,5,1850,3295000,23/03/2022,±0
Trosa,182+102,5,1775,8700000,23/03/2022,+5
Flen,51,3,1789,3450000,23/03/2022,+16
Strängnäs,80+79,3,1944,3675000,23/03/2022,-3
Nyköping,100+50,6,2159,3450000,22/03/2022,+16
Strängnäs,90+84,5,2403,5150000,22/03/2022,+4
Vingåker,115+16,5,8855,1500000,22/03/2022,+8
Oxelösund,165,8,696,9600000,22/03/2022,+23
Vingåker,127+65,5,3230,2300000,22/03/2022,±0
Eskilstuna,164+18,6,2108,3500000,22/03/2022,+8
Nyköping,170+20,8,3410,4700000,21/03/2022,+11
Eskilstuna,100+46,2,1349,4700000,21/03/2022,+11
Strängnäs,80,4,1735,3500000,12/03/2022,+17
Trosa,135,5,198,3600000,11/03/2022,+4
Eskilstuna,81+81,3,1040,2810000,11/03/2022,+9
Trosa,175,6,816,8030000,10/03/2022,+21
Trosa,142,6,345,4325000,10/03/2022,+24
Eskilstuna,172+16,7,1471,8300000,10/03/2022,+14
Katrineholm,165,6,842,3400000,10/03/2022,-3
Nyköping,118+73,6,648,6635000,10/03/2022,+33
Gnesta,120,4,1006,2495000,9/03/2022,±0
Eskilstuna,126,5,1683,4950000,9/03/2022,+10
Strängnäs,145,7,263,6200000,9/03/2022,±0
Trosa,153+10,6,1589,5600000,8/03/2022,+6
Oxelösund,84+84,4,768,3400000,7/03/2022,+14
Eskilstuna,146+9,6,1022,4900000,7/03/2022,+5
Katrineholm,104+104,4,805,3200000,6/03/2022,+7
Strängnäs,151+54,6,729,4250000,6/03/2022,±0
Eskilstuna,49+12,1,1160,2250000,6/03/2022,+13
Trosa,160,6,1770,9125000,5/03/2022,+7
Vingåker,113+44,5,1483,2500000,4/03/2022,+4
Flen,82,3,6381,1575000,4/03/2022,-1
Trosa,184+92,9,2024,7205000,4/03/2022,+46
Katrineholm,145,6,937,1900000,4/03/2022,+6
Eskilstuna,131+29,6,2510,3000000,4/03/2022,±0
Strängnäs,195+130,10,1091,8600000,4/03/2022,+5
Nyköping,126,4,953,4550000,24/02/2022,+1
Katrineholm,95,4,602,3000000,23/02/2022,+16
Trosa,113+126,6,992,5550000,23/02/2022,+12
Oxelösund,115,4,180,2150000,23/02/2022,-2
Eskilstuna,177+16,5,3471,3500000,22/02/2022,+6
Oxelösund,239+69,8,1010,4950000,22/02/2022,+4
Eskilstuna,100,4,2677,2375000,21/02/2022,+10
Eskilstuna,132+9,5,987,3080000,18/02/2022,+19
Trosa,225+72,6,2271,9000000,18/02/2022,+6
Nyköping,107,3,1798,3850000,18/02/2022,+10
Eskilstuna,108+108,4,1327,2725000,18/02/2022,+14
Trosa,187+99,7,920,7200000,17/02/2022,+37
Gnesta,79+5,4,2200,2800000,17/02/2022,+12
Nyköping,68+10,2,331,2525000,17/02/2022,+12
Strängnäs,150,6,2081,4700000,4/02/2022,+5
Katrineholm,95,4,875,2800000,3/02/2022,+40
Strängnäs,134+55,4,1195,5200000,3/02/2022,-3
Nyköping,87+74,3,1465,2230000,3/02/2022,+32
Katrineholm,105+103,4,824,1850000,2/02/2022,±0
Nyköping,160+7,6,423,4350000,2/02/2022,+13
Katrineholm,88,4,1265,2220000,2/02/2022,+11
Nyköping,156+80,6,17521,7500000,2/02/2022,+22
Gnesta,81+81,5,1091,3850000,2/02/2022,+33
Gnesta,107+55,5,3419,2200000,31/01/2022,+21
Nyköping,99,4,388,3100000,31/01/2022,-6
Eskilstuna,126+35,5,756,3750000,31/01/2022,+7
Eskilstuna,210+16,11,1154,6200000,30/01/2022,+13
Eskilstuna,135+60,6,1500,2925000,29/01/2022,+9
Katrineholm,94+6,4,637,1900000,28/01/2022,±0
Nyköping,84+84,4,2008,2500000,28/01/2022,+19
Strängnäs,113+144,7,766,5450000,28/01/2022,+25
Oxelösund,103+103,7,1157,3950000,12/01/2022,+23
Vingåker,123,4,1174,1400000,11/01/2022,+8
Vingåker,134+46,5,913,1595000,11/01/2022,±0
Strängnäs,115+146,7,914,4300000,10/01/2022,-14
Flen,119+98,5,743,2100000,7/01/2022,+11
Gnesta,106+50,4,1686,2650000,7/01/2022,+22
Nyköping,111+49,5,1294,2795000,6/01/2022,±0
Strängnäs,154+85,5,2784,5350000,3/01/2022,-3
Katrineholm,122+101,6,766,3895000,29/12/2021,±0
Flen,139+29,4,2006,1995000,23/12/2021,±0
Vingåker,120+62,5,1152,1410000,23/12/2021,+9
Strängnäs,260,9,1163,8000000,23/12/2021,+7
Eskilstuna,122,5,2950,4125000,22/12/2021,+15
Nyköping,149+6,7,487,3845000,21/12/2021,+7
Eskilstuna,159,7,914,3250000,20/12/2021,±0
Eskilstuna,95+95,4,1391,3875000,20/12/2021,+6
Strängnäs,145,5,1503,3375000,20/12/2021,-8
Eskilstuna,123,4,1155,5000000,19/12/2021,+11
Gnesta,120,3,635,3420000,18/12/2021,+18
Vingåker,116+42,4,1088,1500000,17/12/2021,-12
Nyköping,68+68,5,622,2990000,17/12/2021,±0
Gnesta,110+108,8,1270,4000000,1/12/2021,+5
Strängnäs,187+75,6,587,11150000,1/12/2021,+3
Strängnäs,251+122,9,604,13000000,1/12/2021,±0
Strängnäs,92+30,3,7199,4600000,1/12/2021,+5
Katrineholm,113+20,6,534,1195000,29/11/2021,±0
Eskilstuna,101+17,4,1304,1900000,29/11/2021,+27
Katrineholm,75+75,,894,2295000,29/11/2021,±0
Eskilstuna,80,3,3741,2130000,29/11/2021,+34
Nyköping,134+6,5,185,5400000,28/11/2021,-6
Nyköping,170+44,5,4483,5950000,27/11/2021,+29
Nyköping,138+12,6,393,3900000,27/11/2021,+31
Nyköping,72+52,4,2395,2910000,26/11/2021,+29
Katrineholm,117+117,6,933,3550000,26/11/2021,+8
Vingåker,145,6,9870,3250000,26/11/2021,+9
Nyköping,102+26,5,3430,5400000,26/11/2021,+26
Eskilstuna,131+45,4,763,4300000,26/11/2021,+13
Eskilstuna,270+45,7,1013,10760000,25/11/2021,+27
Katrineholm,131,5,916,2300000,25/11/2021,±0
Flen,300+37,11,1324,3500000,25/11/2021,-7
Nyköping,148+148,9,1512,5700000,14/11/2021,+14
Trosa,115+59,5,1355,4975000,14/11/2021,±0
Eskilstuna,148,6,577,3250000,14/11/2021,+72
Vingåker,121+42,4,1753,1875000,13/11/2021,+25
Nyköping,99+99,5,950,4200000,12/11/2021,+29
Katrineholm,108+66,4,981,1200000,12/11/2021,-11
Trosa,176+35,8,31300,11100000,12/11/2021,+17
Vingåker,123+123,7,987,1300000,11/11/2021,±0
Oxelösund,116,4,200,2000000,11/11/2021,-7
Nyköping,113+88,5,980,4525000,11/11/2021,+19
Nyköping,143,5,1063,4725000,11/11/2021,+3
Eskilstuna,81,3,1385,3425000,11/11/2021,+14
Eskilstuna,117+36,6,969,4500000,10/11/2021,+33
Strängnäs,164+13,5,2037,2900000,10/11/2021,+4
Trosa,124,5,1158,5560000,9/11/2021,+28
Trosa,130+80,5,1835,4000000,9/11/2021,-5
Eskilstuna,120+58,5,847,3050000,9/11/2021,+15
Katrineholm,113+59,4,1070,2000000,8/11/2021,+6
Eskilstuna,125,4,843,3630000,8/11/2021,+4
Katrineholm,119,4,1306,2700000,7/11/2021,+18
Eskilstuna,86+40,3,2743,800000,5/11/2021,-19
Gnesta,250+44,12,669,7900000,4/11/2021,+16
Vingåker,50+55,2,2455,1475000,4/11/2021,+14
Eskilstuna,95,4,1900,2250000,27/10/2021,-10
Katrineholm,108+40,5,4966,2300000,27/10/2021,-7
Flen,260+22,9,11136,11100000,27/10/2021,+11
Oxelösund,69+69,3,841,2200000,26/10/2021,+5
Katrineholm,102+123,7,894,3500000,26/10/2021,-5
Strängnäs,230+6,6,142,8125000,26/10/2021,+2
Eskilstuna,152,6,1782,6500000,26/10/2021,+25
Katrineholm,121+63,5,1164,2300000,26/10/2021,+24
Oxelösund,120+38,5,340,3100000,26/10/2021,+15
Nyköping,86+86,5,1144,3775000,26/10/2021,-6
Nyköping,160,6,461,3250000,23/10/2021,+9
Strängnäs,140+140,7,900,5900000,22/10/2021,+9
Katrineholm,229+113,7,943,5400000,22/10/2021,-16
Eskilstuna,99+99,6,954,2000000,22/10/2021,+11
Nyköping,134+16,5,900,2195000,22/10/2021,±0
Flen,53+5,3,4989,2550000,22/10/2021,+2
Eskilstuna,120,4,2022,3660000,22/10/2021,+2
Trosa,118+29,5,1295,2900000,21/10/2021,+7
Trosa,21,1,1943,1150000,21/10/2021,±0
Nyköping,131+7,4,939,4575000,12/10/2021,+17
Eskilstuna,125,4,978,5000000,12/10/2021,+9
Nyköping,144,6,1122,5500000,12/10/2021,+10
Eskilstuna,140,5,2658,2600000,11/10/2021,-4
Nyköping,130+76,5,2206,3500000,10/10/2021,±0
Trosa,178,6,970,7550000,9/10/2021,+1
Gnesta,120+120,5,1175,5170000,9/10/2021,+9
Eskilstuna,203+25,7,2147,8250000,8/10/2021,-3
Katrineholm,158,5,4645,4230000,8/10/2021,+28
Vingåker,63+61,,2899,1565000,7/10/2021,+57
Strängnäs,130+6,6,364,3900000,7/10/2021,+6
Flen,84+42,3,4877,2350000,7/10/2021,-9
Strängnäs,130+55,5,463,7495000,7/10/2021,±0
Nyköping,144+94,6,950,5550000,6/10/2021,+23
Flen,106,3,1498,2650000,6/10/2021,+11
Gnesta,69+5,3,232,4200000,6/10/2021,+9
Eskilstuna,134+90,6,1582,5495000,6/10/2021,±0
Strängnäs,116+17,4,518,6000000,5/10/2021,+3
Flen,134,5,185,1850000,5/10/2021,+24
Strängnäs,110+122,6,716,4720000,5/10/2021,+24
Eskilstuna,88+40,3,618,2500000,5/10/2021,±0
Eskilstuna,85+15,4,4457,2360000,5/10/2021,+5
Katrineholm,125+120,7,1190,2800000,4/10/2021,+12
Gnesta,175,5,1075,4820000,4/10/2021,+22
Flen,132+166,5,1257,1850000,4/10/2021,+3
Strängnäs,65+60,3,810,2625000,4/10/2021,-1
Oxelösund,141+68,6,1594,3675000,4/10/2021,+48
Trosa,86+86,6,1215,2995000,4/10/2021,±0
Gnesta,57,3,2579,2125000,3/10/2021,+29
Strängnäs,447+112,13,1553,9000000,3/10/2021,-5
Nyköping,74,4,1860,3500000,28/09/2021,+7
Nyköping,126+36,5,1140,5100000,27/09/2021,-5
Gnesta,122+45,5,1624,4560000,26/09/2021,+10
Strängnäs,121,4,1045,3950000,26/09/2021,+5
Katrineholm,61,3,958,850000,26/09/2021,-5
Eskilstuna,117+37,5,4005,2555000,25/09/2021,+2
Katrineholm,148+72,6,775,3025000,25/09/2021,+2
Katrineholm,140,5,788,3060000,24/09/2021,+33
Strängnäs,98+10,4,1929,2900000,24/09/2021,+5
Flen,105+56,4,1072,2050000,24/09/2021,+14
Strängnäs,125,6,1468,4250000,24/09/2021,+1
Trosa,171,6,999,7500000,23/09/2021,-6
Strängnäs,167+40,6,970,5820000,23/09/2021,+10
Flen,147,,556,2460000,23/09/2021,+25
Trosa,138,4,1093,4750000,22/09/2021,±0
Strängnäs,103,4,193,3120000,22/09/2021,+16
Strängnäs,200+30,6,4160,5250000,22/09/2021,-5
Vingåker,80,4,1520,1340000,22/09/2021,+3
Strängnäs,150+28,6,1544,3900000,22/09/2021,+8
Oxelösund,140+45,5,690,3525000,21/09/2021,+18
Flen,164,5,861,3300000,21/09/2021,+12
Eskilstuna,76,2,1566,2025000,21/09/2021,+19
Nyköping,160,6,893,4620000,21/09/2021,+30
Eskilstuna,122+6,4,1069,3800000,20/09/2021,+10
Katrineholm,95+57,4,3083,1670000,20/09/2021,+28
Nyköping,309+20,8,5455,4575000,20/09/2021,+17
Strängnäs,130+68,7,647,7000000,20/09/2021,+8
Strängnäs,90,4,5163,3500000,13/09/2021,±0
Oxelösund,145,7,1545,8800000,11/09/2021,-10
Flen,126+47,6,1640,3625000,11/09/2021,-3
Eskilstuna,115+2,5,1448,3500000,10/09/2021,+14
Vingåker,132+84,5,4834,3000000,10/09/2021,+9
Trosa,131,5,2903,4850000,10/09/2021,-3
Trosa,102,4,2081,3910000,10/09/2021,+12
Eskilstuna,89,3,1595,3525000,10/09/2021,+36
Vingåker,85+85,3,1000,1450000,9/09/2021,+4
Eskilstuna,112+97,7,1386,3610000,9/09/2021,+11
Oxelösund,123+112,7,1188,4475000,9/09/2021,+23
Strängnäs,146+84,6,1612,4625000,9/09/2021,+11
Nyköping,114+67,4,6558,5600000,9/09/2021,±0
Flen,135,6,1036,3495000,9/09/2021,±0
Trosa,108+100,6,1428,5300000,8/09/2021,+38
Trosa,62,3,2957,4600000,8/09/2021,+15
Flen,72+72,3,1130,820000,31/08/2021,+23
Katrineholm,56,3,1996,1550000,30/08/2021,-14
Flen,72+72,3,1927,1420000,30/08/2021,+19
Nyköping,117,5,917,2650000,29/08/2021,+21
Flen,144+8,6,610,2250000,29/08/2021,+14
Flen,51+37,3,5726,1740000,29/08/2021,+25
Katrineholm,112+69,5,1776,1500000,28/08/2021,-16
Strängnäs,141+88,4,1097,6750000,28/08/2021,+13
Flen,97+63,4,619,1430000,28/08/2021,+14
Flen,134,5,247,1760000,28/08/2021,+41
Nyköping,115+17,5,1337,2950000,27/08/2021,+64
Katrineholm,112+112,5,986,3250000,27/08/2021,+16
Trosa,190+40,7,725,7475000,27/08/2021,±0
Katrineholm,139,5,826,2800000,27/08/2021,+4
Strängnäs,83,3,2379,3200000,27/08/2021,±0
Eskilstuna,58,2,1490,2500000,27/08/2021,+11
Gnesta,90,3,1519,2450000,27/08/2021,+2
Nyköping,103+123,5,1221,3800000,27/08/2021,+23
Nyköping,104+95,5,1240,2550000,27/08/2021,+2
Eskilstuna,69+69,3,620,2375000,27/08/2021,±0
Flen,276+22,8,1440,6700000,27/08/2021,+92
Katrineholm,116+116,3,1762,1250000,27/08/2021,+5
Strängnäs,56,3,2137,2295000,23/08/2021,±0
Trosa,87,4,5768,2975000,21/08/2021,±0
Eskilstuna,120+146,4,716,3900000,20/08/2021,+12
Eskilstuna,53+18,4,10459,2500000,20/08/2021,+4
Gnesta,79+71,3,2094,2850000,20/08/2021,+2
Katrineholm,96+96,4,862,3465000,20/08/2021,+16
Flen,87+33,4,1785,2360000,20/08/2021,+19
Flen,175+120,8,1296,3050000,20/08/2021,-3
Eskilstuna,145,6,2288,5100000,20/08/2021,+11
Eskilstuna,97+97,4,714,3620000,20/08/2021,+13
Eskilstuna,80,3,45500,4000000,19/08/2021,±0
Oxelösund,75+75,3,691,2525000,19/08/2021,+49
Oxelösund,122+36,5,1016,3310000,19/08/2021,+47
Strängnäs,121,4,660,4675000,19/08/2021,+5
Trosa,143+143,6,1405,5000000,19/08/2021,+30
Katrineholm,250+100,9,6819,4550000,18/08/2021,+42
Flen,68,3,2112,1800000,18/08/2021,-9
Eskilstuna,100+19,4,390,4250000,18/08/2021,+12
Nyköping,180+60,7,718,5950000,18/08/2021,+8
Nyköping,136,5,1186,5500000,18/08/2021,+1
Flen,120+45,5,2337,1500000,18/08/2021,±0
Flen,121+42,6,923,1600000,10/08/2021,±0
Gnesta,94+94,5,931,3310000,9/08/2021,+15
Nyköping,103+12,3,699,3900000,9/08/2021,+4
Nyköping,130+16,5,650,3875000,9/08/2021,-3
Strängnäs,108+60,5,862,4250000,8/08/2021,±0
Eskilstuna,123,5,701,2850000,6/08/2021,+4
Gnesta,41,2,3072,2100000,6/08/2021,+20
Nyköping,103,5,7430,2500000,6/08/2021,-4
Trosa,174+100,6,2302,8600000,5/08/2021,+8
Gnesta,140+32,5,3388,4640000,5/08/2021,+17
Eskilstuna,149+15,6,748,4520000,5/08/2021,+21
Katrineholm,110+20,3,2540,2400000,5/08/2021,+34
Gnesta,136+136,,45616,7600000,5/08/2021,+11
Strängnäs,150,4,2500,6500000,3/08/2021,+18
Vingåker,50+50,4,3288,2470000,2/08/2021,+24
Gnesta,226+77,7,6249,4780000,2/08/2021,+6
Nyköping,135+97,5,893,4700000,2/08/2021,+9
Nyköping,140+140,7,944,5000000,2/08/2021,-6
Katrineholm,187+104,7,2895,1950000,31/07/2021,+22
Flen,94+50,3,2978,1750000,16/07/2021,+3
Eskilstuna,152+92,5,546,4275000,16/07/2021,+16
Eskilstuna,144+91,6,1352,3040000,15/07/2021,+35
Trosa,70+83,3,3460,3350000,15/07/2021,-15
Vingåker,149,6,857,1400000,15/07/2021,±0
Katrineholm,83,4,1604,1500000,15/07/2021,+18
Katrineholm,146+29,5,1036,3600000,15/07/2021,+6
Trosa,129+36,5,706,6300000,14/07/2021,+13
Trosa,108,4,320,2900000,14/07/2021,+4
Nyköping,91,7,1840,3000000,14/07/2021,-14
Strängnäs,135+20,6,1838,4995000,14/07/2021,±0
Katrineholm,74+30,3,1660,1880000,13/07/2021,+26
Nyköping,260,6,2842,9075000,13/07/2021,-9
Nyköping,180+107,7,1831,3000000,13/07/2021,+1
Strängnäs,116,4,2009,3700000,13/07/2021,+16
Strängnäs,88+26,4,914,3525000,12/07/2021,+12
Katrineholm,80+50,4,900,2520000,12/07/2021,+29
Strängnäs,86+15,3,3105,7000000,12/07/2021,+8
Strängnäs,128,4,1419,3200000,12/07/2021,+23
Flen,122+122,5,819,2500000,12/07/2021,+4
Strängnäs,95+20,4,1196,3425000,10/07/2021,+4
Strängnäs,137+36,4,2240,3250000,10/07/2021,-7
Eskilstuna,110,5,1893,3060000,9/07/2021,+28
Nyköping,164+10,7,844,5450000,9/07/2021,-1
Strängnäs,66+12,4,1443,3450000,9/07/2021,+8
Gnesta,110+100,6,13902,6000000,9/07/2021,+5
Vingåker,191+170,6,4060,3795000,9/07/2021,±0
Strängnäs,121+5,6,1788,3200000,9/07/2021,+8
Katrineholm,107+110,7,1253,1800000,2/07/2021,±0
Nyköping,189+67,7,1622,5300000,2/07/2021,+8
Trosa,61+9,2,2462,4500000,1/07/2021,+1
Katrineholm,115,4,1839,2500000,1/07/2021,+14
Eskilstuna,103+149,6,1188,2550000,1/07/2021,+35
Nyköping,140+28,5,816,3100000,1/07/2021,+29
Nyköping,141+5,6,232,3195000,1/07/2021,±0
Gnesta,60,2,2361,3100000,1/07/2021,+25
Eskilstuna,165+76,6,2907,4700000,1/07/2021,+25
Nyköping,147+39,5,1086,4000000,1/07/2021,+11
Strängnäs,106,4,1491,2750000,1/07/2021,±0
Katrineholm,94+44,5,1216,2600000,30/06/2021,+68
Eskilstuna,140+5,6,710,4075000,30/06/2021,+20
Eskilstuna,124,5,701,4100000,30/06/2021,+30
Strängnäs,114+28,4,806,2520000,30/06/2021,-12
Oxelösund,92+92,4,658,2700000,30/06/2021,+9
Vingåker,62+17,4,2870,1800000,30/06/2021,+6
Oxelösund,122,4,1182,3450000,30/06/2021,+39
Eskilstuna,145+85,5,86305,6600000,29/06/2021,-6
Eskilstuna,148,5,1646,5000000,29/06/2021,+5
Nyköping,72+72,4,960,2400000,29/06/2021,-3
Eskilstuna,134,4,16104,3400000,29/06/2021,+26
Gnesta,99+99,4,851,3195000,29/06/2021,±0
Flen,103,4,1460,1300000,29/06/2021,±0
Eskilstuna,119+62,6,2044,4600000,24/06/2021,+32
Strängnäs,127,4,2076,3520000,24/06/2021,+8
Nyköping,74+74,4,1438,1910000,24/06/2021,+32
Oxelösund,108,4,167,2000000,24/06/2021,+11
Flen,60+60,3,914,1200000,24/06/2021,+34
Nyköping,145+85,5,1539,3250000,24/06/2021,+9
Flen,71+65,3,1398,840000,24/06/2021,+21
Eskilstuna,188,6,6195,5500000,24/06/2021,+11
Gnesta,88,5,3772,2700000,23/06/2021,+5
Eskilstuna,65,3,1842,2000000,23/06/2021,+29
Nyköping,90+10,4,429,3695000,23/06/2021,±0
Strängnäs,190+52,7,1201,4700000,23/06/2021,+27
Trosa,108,4,634,3400000,15/06/2021,+15
Eskilstuna,105,4,478,3315000,15/06/2021,+11
Gnesta,83+42,4,1022,3500000,15/06/2021,+27
Strängnäs,161,5,1484,3400000,14/06/2021,-6
Strängnäs,176,6,997,5700000,13/06/2021,-3
Strängnäs,163+26,6,2568,4550000,13/06/2021,+24
Vingåker,73+73,3,1011,805000,12/06/2021,+4
Eskilstuna,100+80,5,1359,2400000,11/06/2021,+20
Katrineholm,78+83,3,1628,1575000,11/06/2021,±0
Strängnäs,118+117,6,950,6562995,11/06/2021,+47
Strängnäs,163+53,5,5245,3700000,11/06/2021,+25
Strängnäs,85+84,5,756,3750000,10/06/2021,+1
Trosa,150+92,8,1244,3850000,10/06/2021,+10
Trosa,156,6,1045,7100000,10/06/2021,+9
Vingåker,111+111,5,1148,2375000,10/06/2021,-5
Flen,95+14,4,1996,2390000,10/06/2021,-4
Strängnäs,60+26,3,2115,2750000,10/06/2021,+20
Nyköping,82+38,4,2258,2520000,10/06/2021,+69
Katrineholm,68+68,4,1158,1800000,9/06/2021,+20
Strängnäs,130+69,6,1002,2520000,9/06/2021,+6
Eskilstuna,104+95,4,1141,2355000,9/06/2021,+12
Nyköping,97,4,1856,2780000,9/06/2021,+29
Trosa,132,6,525,4373000,9/06/2021,+12
Nyköping,140+32,5,144,7400000,9/06/2021,+7
Strängnäs,169,7,1757,4300000,4/06/2021,+8
Strängnäs,75+3,3,2316,1350000,3/06/2021,-8
Trosa,155,4,1455,8400000,3/06/2021,+23
Flen,84+84,4,646,750000,3/06/2021,±0
Strängnäs,89+5,3,821,3170000,3/06/2021,+11
Nyköping,170,7,1020,3150000,3/06/2021,+11
Vingåker,160,5,1283,3795000,3/06/2021,±0
Eskilstuna,54,2,614,3200000,3/06/2021,+12
Strängnäs,191+85,5,1991,4440000,3/06/2021,+4
Strängnäs,147+170,4,5535,6100000,3/06/2021,+22
Gnesta,74+30,5,2086,4070000,3/06/2021,+6
Strängnäs,120+48,6,792,3300000,2/06/2021,+18
Eskilstuna,145+32,5,1073,4475000,2/06/2021,+21
Trosa,186+93,8,1435,10700000,2/06/2021,+36
Nyköping,140,5,1300,1344000,27/05/2021,-73
Strängnäs,155,6,2184,2990000,27/05/2021,-4
Strängnäs,177,6,1018,6400000,27/05/2021,+13
Flen,47+40,3,2076,2575000,26/05/2021,+29
Strängnäs,80,3,1324,2500000,26/05/2021,+11
Trosa,52,3,1497,2950000,26/05/2021,±0
Gnesta,115,5,1304,3660000,26/05/2021,+31
Strängnäs,186,6,1217,5850000,26/05/2021,+21
Gnesta,119+119,7,1012,4800000,26/05/2021,+37
Katrineholm,153,5,567,2900000,26/05/2021,+1
Katrineholm,80,3,3685,5500000,26/05/2021,+10
Vingåker,120,4,1285,1475000,26/05/2021,+14
Strängnäs,95+90,4,1328,2655000,26/05/2021,+3
Nyköping,147+34,5,1158,3075000,26/05/2021,+24
Vingåker,104+50,4,518,1500000,26/05/2021,+15
Flen,150+72,5,1733,4100000,26/05/2021,+12
Strängnäs,146+32,6,1036,4100000,25/05/2021,-2
Eskilstuna,137,6,874,3850000,25/05/2021,+54
Katrineholm,59,3,460,1200000,25/05/2021,+27
Eskilstuna,134+40,4,1008,2305000,25/05/2021,+16
Nyköping,153+92,6,382,8700000,25/05/2021,±0
Eskilstuna,93+15,4,1527,2500000,24/05/2021,+11
Oxelösund,115,4,289,4300000,24/05/2021,+16
Gnesta,111,4,906,4520000,24/05/2021,+41
Gnesta,128,6,758,3900000,24/05/2021,+42
Flen,151,6,456,2000000,23/05/2021,-5
Trosa,169,5,4024,5000000,22/05/2021,+33
Trosa,138,5,1032,6850000,22/05/2021,+6
Nyköping,84,3,2941,1550000,21/05/2021,+19
Nyköping,98+26,4,2108,2550000,21/05/2021,+11
Katrineholm,75,4,4009,2500000,21/05/2021,+67
Trosa,115,4,235,3450000,18/05/2021,-1
Eskilstuna,139,5,506,3700000,17/05/2021,+20
Gnesta,190+140,5,5648,6450000,17/05/2021,+23
Gnesta,192+72,7,2016,6000000,17/05/2021,+28
Nyköping,263+120,10,1275,11250000,17/05/2021,±0
Gnesta,200+73,6,1086,4420000,17/05/2021,+39
Eskilstuna,60,2,947,1200000,17/05/2021,-14
Strängnäs,52,3,2033,2910000,17/05/2021,+2
Nyköping,142+59,6,941,2600000,17/05/2021,±0
Nyköping,208+176,7,1406,10600000,17/05/2021,+7
Strängnäs,241,7,4274,4550000,17/05/2021,-5
Eskilstuna,80,3,2607,2300000,17/05/2021,+15
Katrineholm,109,6,576,3100000,16/05/2021,+11
Flen,63,,2531,1650000,16/05/2021,-3
Flen,152+50,5,3280,3050000,15/05/2021,+54
Nyköping,97+46,4,2359,2875000,14/05/2021,±0
Vingåker,98+85,5,796,2400000,14/05/2021,-4
Vingåker,101,3,3774,2750000,14/05/2021,+10
Gnesta,78,6,5117,2620000,7/05/2021,+42
Strängnäs,105+13,3,375,5000000,7/05/2021,+11
Katrineholm,115+115,5,1271,1900000,6/05/2021,+6
Strängnäs,170+42,5,3341,5600000,6/05/2021,+26
Strängnäs,142+55,6,658,11000000,6/05/2021,+29
Strängnäs,103+103,6,569,2530000,6/05/2021,+27
Eskilstuna,60,3,1219,1430000,6/05/2021,+6
Katrineholm,45+40,2,1958,1650000,5/05/2021,+84
Katrineholm,78+78,5,1047,2510000,5/05/2021,+53
Eskilstuna,131,4,1083,3960000,5/05/2021,+6
Strängnäs,110+88,6,765,3050000,5/05/2021,+3
Strängnäs,103,4,785,2455000,5/05/2021,+8
Flen,123+17,6,2455,1295000,5/05/2021,+33
Gnesta,131+114,5,1068,4300000,5/05/2021,+14
Nyköping,149+6,5,493,4000000,4/05/2021,+11
Vingåker,160+40,8,1021,1695000,4/05/2021,±0
Strängnäs,119+24,4,5055,/mån3950000,4/05/2021,±0
Katrineholm,140+91,4,957,3500000,3/05/2021,+17
Katrineholm,107,4,1225,1195000,3/05/2021,±0
Nyköping,170+30,6,827,3200000,3/05/2021,+14
Strängnäs,79,3,2645,4050000,3/05/2021,+37
Strängnäs,80+10,4,1229,2630000,3/05/2021,+20
Katrineholm,83,3,577,1910000,2/05/2021,+1
Eskilstuna,103+9,5,1505,4550000,26/04/2021,+14
Katrineholm,75,3,4211,2500000,26/04/2021,+35
Eskilstuna,71+10,3,3681,1600000,25/04/2021,+24
Flen,132+49,5,3456,2630000,25/04/2021,+6
Trosa,135+136,9,946,5850000,24/04/2021,+9
Eskilstuna,150+75,8,1260,4600000,24/04/2021,+8
Strängnäs,127+40,6,2125,4075000,24/04/2021,-5
Vingåker,161+90,5,125100,5900000,23/04/2021,+2
Eskilstuna,138,5,1469,4800000,23/04/2021,+1
Gnesta,120+10,6,3141,3950000,23/04/2021,±0
Katrineholm,85+53,3,690,2200000,23/04/2021,+10
Nyköping,87,3,3625,2400000,22/04/2021,+45
Vingåker,140+83,7,920,1800000,22/04/2021,-10
Flen,104+57,5,642,1850000,22/04/2021,+16
Gnesta,87,3,204,2500000,22/04/2021,+4
Nyköping,270,8,930,3850000,22/04/2021,+31
Vingåker,89+30,5,1011,3050000,14/04/2021,+2
Gnesta,144+7,5,909,2300000,13/04/2021,+5
Gnesta,116+20,3,2357,5050000,13/04/2021,+49
Oxelösund,132,,539,2500000,13/04/2021,+4
Strängnäs,119+24,4,5055,/mån4290000,12/04/2021,±0
Strängnäs,69+1,4,1752,2500000,12/04/2021,+9
Vingåker,65+37,3,6400,2800000,11/04/2021,+37
Eskilstuna,119+119,5,1323,4050000,11/04/2021,+45
Vingåker,200+10,9,4792,4550000,10/04/2021,+14
Gnesta,72,4,168,2000000,9/04/2021,+11
Strängnäs,77+77,3,1089,2300000,9/04/2021,-8
Gnesta,135+44,5,1579,3950000,8/04/2021,+47
Katrineholm,70,3,2056,2350000,8/04/2021,+71
Trosa,168,6,1003,7750000,30/03/2021,+16
Eskilstuna,125,3,2071,4800000,30/03/2021,+13
Nyköping,175+35,5,1056,6450000,30/03/2021,+3
Strängnäs,130,4,2511,3400000,30/03/2021,-5
Strängnäs,131,6,1500,3400000,29/03/2021,+31
Nyköping,138+2,6,846,2745000,29/03/2021,-2
Nyköping,55,2,3770,1750000,29/03/2021,+30
Eskilstuna,129+76,5,1498,3300000,29/03/2021,+3
Nyköping,140,5,1217,4675000,29/03/2021,±0
Flen,182+57,8,967,2600000,28/03/2021,+11
Eskilstuna,119,5,769,4095000,28/03/2021,+3
Gnesta,98,4,1623,3610000,26/03/2021,+27
Vingåker,88+12,4,4376,2350000,26/03/2021,+18
Eskilstuna,60,2,1098,2350000,26/03/2021,+12
Strängnäs,128+6,5,379,2700000,26/03/2021,+8
Nyköping,78+10,4,3685,3080000,26/03/2021,+24
Eskilstuna,140,6,429,3960000,26/03/2021,+15
Strängnäs,58,2,1198,3020000,26/03/2021,+55
Eskilstuna,119+101,5,765,2780000,26/03/2021,+18
Gnesta,117+10,4,1971,4500000,26/03/2021,+3
Katrineholm,112+112,6,1560,2200000,25/03/2021,+10
Flen,101+19,5,490,1695000,25/03/2021,±0
Nyköping,103+7,4,973,1700000,25/03/2021,+8
Eskilstuna,150+11,6,2209,3010000,25/03/2021,+31
Flen,145+70,6,1012,2200000,19/03/2021,+31
Vingåker,155,6,1019,1975000,19/03/2021,±0
Vingåker,112+64,6,1560,995000,19/03/2021,±0
Strängnäs,116+8,4,852,4550000,18/03/2021,+1
Nyköping,171+91,5,687,6900000,18/03/2021,+22
Strängnäs,103,3,1820,4100000,18/03/2021,+24
Oxelösund,110,3,1430,4350000,18/03/2021,-1
Eskilstuna,77,3,2029,2650000,18/03/2021,+18
Vingåker,145+30,4,1306,2100000,17/03/2021,-4
Nyköping,114,4,1092,3295000,17/03/2021,±0
Nyköping,154,5,1019,4700000,17/03/2021,+7
Strängnäs,122,5,256,3463000,17/03/2021,+9
Flen,37,3,1881,1300000,17/03/2021,+45
Nyköping,161,5,978,3025000,16/03/2021,+19
Flen,130+28,6,1859,2600000,16/03/2021,+63
Nyköping,69+65,5,600,3325000,16/03/2021,+6
Gnesta,52,3,1727,1930000,14/03/2021,±0
Flen,105+50,5,810,1000000,14/03/2021,-9
Eskilstuna,71+28,5,2081,2020000,13/03/2021,+35
Nyköping,130+66,5,765,7300000,24/05/2023,+1
Eskilstuna,131+75,6,1585,1625000,10/05/2023,±0
Eskilstuna,115+30,5,2322,2300000,22/04/2023,+5
Flen,43,3,1561,1290000,14/04/2023,-14
Strängnäs,168,4,780,3150000,3/04/2023,-10
Eskilstuna,145,5,830,3150000,1/04/2023,±0
Gnesta,161+5,6,7423,4600000,25/03/2023,-16
Strängnäs,134+36,5,720,4200000,23/02/2023,-7
Nyköping,250+120,8,3110,4900000,23/02/2023,-1
Nyköping,117,6,600,2000000,28/01/2023,-7
Gnesta,151+53,5,744,4740000,29/11/2022,+1
Nyköping,108+74,5,1004,2500000,16/11/2022,-7
Eskilstuna,100,4,1412,2900000,27/10/2022,-3
Oxelösund,142+35,8,1706,4500000,11/10/2022,-10
Strängnäs,85,4,1254,3995000,21/09/2022,±0
Gnesta,95,4,398,4400000,15/09/2022,-6
Katrineholm,92+111,5,1277,3350000,4/09/2022,+2
Nyköping,128+80,5,1553,2850000,19/08/2022,-5
Vingåker,181+135,8,1103,2300000,24/07/2022,-8
Eskilstuna,99+58,5,1140,4400000,5/07/2022,+10
Katrineholm,85,4,1651,2650000,22/06/2022,-2
Eskilstuna,72,4,2822,2000000,1/06/2022,+18
Vingåker,75,3,1201,1650000,6/05/2022,+18
Nyköping,166,6,815,5300000,21/04/2022,-4
Gnesta,152,6,883,5600000,8/04/2022,+19
Strängnäs,116,5,425,3495000,6/04/2022,±0
Trosa,90,3,3253,5300000,25/03/2022,+6
Flen,100,4,700,1000000,18/02/2022,+33
Eskilstuna,136,5,914,4500000,12/01/2022,+19
Eskilstuna,96+59,3,1500,3235000,12/01/2022,+8
Gnesta,212+64,6,1380,4675000,1/12/2021,+48
Flen,250+60,9,8065,6300000,15/11/2021,+26
Eskilstuna,118,4,1658,3400000,28/10/2021,+14
Strängnäs,103,4,826,3125000,27/10/2021,+14
Trosa,142,5,1592,6300000,12/10/2021,-3
Trosa,167+40,6,1324,6495000,28/09/2021,±0
Flen,50,3,2267,1520000,14/09/2021,+17
Eskilstuna,107+107,4,1079,4100000,10/09/2021,+6
Nyköping,310+40,9,1425,10000000,31/08/2021,+18
Flen,100,5,2169,5250000,22/08/2021,+6
Eskilstuna,156,6,2727,3050000,6/08/2021,+22
Strängnäs,60+27,4,2963,2900000,17/07/2021,-9
Eskilstuna,62+29,4,1126,2100000,2/07/2021,+5
Katrineholm,157+83,6,1049,3900000,24/06/2021,±0
Eskilstuna,105+55,5,1673,3495000,15/06/2021,±0
Gnesta,95,4,427,4250000,15/06/2021,+16
Nyköping,85+105,3,1838,2050000,4/06/2021,+29
Vingåker,92+92,5,1098,1350000,27/05/2021,+4
Eskilstuna,121,4,2421,4050000,18/05/2021,+13
Eskilstuna,65,3,1540,2350000,7/05/2021,+18
Nyköping,108+108,6,805,2620000,27/04/2021,-10
Nyköping,150+87,6,1876,4600000,23/04/2021,+19
Gnesta,61,3,1595,2825000,14/04/2021,+49
Flen,109+14,4,853,2060000,13/04/2021,+15
Eskilstuna,123+63,4,1202,3150000,13/04/2021,+26
Flen,140,5,1002,2750000,31/03/2021,+10
Strängnäs,180,8,2507,4830000,19/03/2021,+10
Strängnäs,140+40,4,2964,2350000,18/03/2021,+12
